ts,schema_version,market_id,now,market_end_ts,official_required_venue,official_used_venue,official_used_endpoint,venue,symbol,official_mid,official_ok,official_err,official_age_ms,pm_yes_bid,pm_yes_ask,pm_no_bid,pm_no_ask,book_ok,book_err,pm_book_age_ms,implied_yes,implied_no,fair_up_prob,edge_yes,edge_no,edge_gross_bps,edge_net_bps,spread_bps,depth_total,market_class,required_symbol,rules_end_ts,end_ts_source,regime,action,reason,filter_reason,microstructure_flags,daily_pnl,daily_loss,total_loss,open_markets,kill_switch,params_hash,fill_mode,fill_feasible,fill_slippage_cents,fill_depth_required,fill_depth_used,arb_cost_cents,arb_cost_cents_conservative,arb_edge_cents,arb_edge_cents_conservative
1768040301225,v1.1,KXBTC-26JAN1617-B91250,1768040301225,0,,,,KALSHI,KXBTC-26JAN1617-B91250,,False,,,,,,,True,,,,,,,,,,0.0,0.0,,,,,,NO_TRADE,BOOK_SANITY,BOOK_SANITY: yes_levels=3 no_levels=15 yes_bid=4 no_bid=93 BOOK_SHA1:2a346767df,"[""BOOK_SANITY: yes_levels=3 no_levels=15 yes_bid=4 no_bid=93 BOOK_SHA1:2a346767df""]",0.0,0.0,0.0,0,False,,,,,,,,,,
1768040301225,v1.1,KXBTC-26JAN1617-B91250,1768040301225,1768600800000,UNKNOWN,UNKNOWN,,KALSHI,KXBTC-26JAN1617-B91250,,False,RESOLUTION_UNKNOWN,0,0.04,0.07,,,True,,0,0.5,0.5,0.5,0.0,0.0,0,0,7500.000000000001,5327,KALSHI_PRICE_THRESHOLD,BTC-USD,,VENUE,FORCE,WOULD_ENTER,FORCE_ENTRY,FORCE_ENTRY,"[""FORCE_ENTRY"", ""DATA:LIVE"", ""BOOK_SHA1:2a346767df"", ""EXEC:PAPER"", ""FILL: ENTER YES 14.3 @ 0.070""]",0.0,0.0,0.0,1,False,FORCE,,,,,,,,,
1768040302317,v1.1,KXBTC-26JAN1617-B91250,1768040302317,1768600800000,UNKNOWN,UNKNOWN,,KALSHI,KXBTC-26JAN1617-B91250,,False,RESOLUTION_UNKNOWN,0,0.04,0.07,,,True,,0,0.5,0.5,0.5,0.0,0.0,0,0,7500.000000000001,5327,KALSHI_PRICE_THRESHOLD,BTC-USD,,VENUE,FORCE,HOLD,ALREADY_IN,FORCE_HOLD,"[""DATA:LIVE"", ""BOOK_SHA1:2a346767df"", ""EXEC:PAPER""]",-0.9921428571428572,0.0,0.0,1,False,FORCE,,,,,,,,,
1768040303399,v1.1,KXBTC-26JAN1617-B91250,1768040303399,1768600800000,UNKNOWN,UNKNOWN,,KALSHI,KXBTC-26JAN1617-B91250,,False,RESOLUTION_UNKNOWN,0,0.04,0.07,,,True,,0,0.5,0.5,0.5,0.0,0.0,0,0,7500.000000000001,5327,KALSHI_PRICE_THRESHOLD,BTC-USD,,VENUE,FORCE,HOLD,ALREADY_IN,FORCE_HOLD,"[""DATA:LIVE"", ""BOOK_SHA1:2a346767df"", ""EXEC:PAPER""]",-0.9921428571428572,0.0,0.0,1,False,FORCE,,,,,,,,,
1768040304491,v1.1,KXBTC-26JAN1617-B91250,1768040304491,1768600800000,UNKNOWN,UNKNOWN,,KALSHI,KXBTC-26JAN1617-B91250,,False,RESOLUTION_UNKNOWN,0,0.04,0.07,,,True,,0,0.5,0.5,0.5,0.0,0.0,0,0,7500.000000000001,5327,KALSHI_PRICE_THRESHOLD,BTC-USD,,VENUE,FORCE,HOLD,ALREADY_IN,FORCE_HOLD,"[""DATA:LIVE"", ""BOOK_SHA1:2a346767df"", ""EXEC:PAPER""]",-0.9921428571428572,0.0,0.0,1,False,FORCE,,,,,,,,,
1768040305577,v1.1,KXBTC-26JAN1617-B91250,1768040305577,1768600800000,UNKNOWN,UNKNOWN,,KALSHI,KXBTC-26JAN1617-B91250,,False,RESOLUTION_UNKNOWN,0,0.04,0.07,,,True,,0,0.5,0.5,0.5,0.0,0.0,0,0,7500.000000000001,5327,KALSHI_PRICE_THRESHOLD,BTC-USD,,VENUE,FORCE,HOLD,ALREADY_IN,FORCE_HOLD,"[""DATA:LIVE"", ""BOOK_SHA1:2a346767df"", ""EXEC:PAPER""]",-0.9921428571428572,0.0,0.0,1,False,FORCE,,,,,,,,,
1768040306668,v1.1,KXBTC-26JAN1617-B91250,1768040306668,1768600800000,UNKNOWN,UNKNOWN,,KALSHI,KXBTC-26JAN1617-B91250,,False,RESOLUTION_UNKNOWN,0,0.04,0.07,,,True,,0,0.5,0.5,0.5,0.0,0.0,0,0,7500.000000000001,5327,KALSHI_PRICE_THRESHOLD,BTC-USD,,VENUE,FORCE,HOLD,ALREADY_IN,FORCE_HOLD,"[""DATA:LIVE"", ""BOOK_SHA1:2a346767df"", ""EXEC:PAPER""]",-0.9921428571428572,0.0,0.0,1,False,FORCE,,,,,,,,,
1768040307762,v1.1,KXBTC-26JAN1617-B91250,1768040307762,1768600800000,UNKNOWN,UNKNOWN,,KALSHI,KXBTC-26JAN1617-B91250,,False,RESOLUTION_UNKNOWN,0,0.04,0.07,,,True,,0,0.5,0.5,0.5,0.0,0.0,0,0,7500.000000000001,5327,KALSHI_PRICE_THRESHOLD,BTC-USD,,VENUE,FORCE,HOLD,ALREADY_IN,FORCE_HOLD,"[""DATA:LIVE"", ""BOOK_SHA1:2a346767df"", ""EXEC:PAPER""]",-0.9921428571428572,0.0,0.0,1,False,FORCE,,,,,,,,,
1768040308850,v1.1,KXBTC-26JAN1617-B91250,1768040308850,1768600800000,UNKNOWN,UNKNOWN,,KALSHI,KXBTC-26JAN1617-B91250,,False,RESOLUTION_UNKNOWN,0,0.04,0.07,,,True,,0,0.5,0.5,0.5,0.0,0.0,0,0,7500.000000000001,5327,KALSHI_PRICE_THRESHOLD,BTC-USD,,VENUE,FORCE,HOLD,ALREADY_IN,FORCE_HOLD,"[""DATA:LIVE"", ""BOOK_SHA1:2a346767df"", ""EXEC:PAPER""]",-0.9921428571428572,0.0,0.0,1,False,FORCE,,,,,,,,,
1768040309939,v1.1,KXBTC-26JAN1617-B91250,1768040309939,1768600800000,UNKNOWN,UNKNOWN,,KALSHI,KXBTC-26JAN1617-B91250,,False,RESOLUTION_UNKNOWN,0,0.04,0.07,,,True,,0,0.5,0.5,0.5,0.0,0.0,0,0,7500.000000000001,5327,KALSHI_PRICE_THRESHOLD,BTC-USD,,VENUE,FORCE,HOLD,ALREADY_IN,FORCE_HOLD,"[""DATA:LIVE"", ""BOOK_SHA1:2a346767df"", ""EXEC:PAPER""]",-0.9921428571428572,0.0,0.0,1,False,FORCE,,,,,,,,,
1768040311037,v1.1,KXBTC-26JAN1617-B91250,1768040311037,1768600800000,UNKNOWN,UNKNOWN,,KALSHI,KXBTC-26JAN1617-B91250,,False,RESOLUTION_UNKNOWN,0,0.04,0.07,,,True,,0,0.5,0.5,0.5,0.0,0.0,0,0,7500.000000000001,5327,KALSHI_PRICE_THRESHOLD,BTC-USD,,VENUE,FORCE,HOLD,ALREADY_IN,FORCE_HOLD,"[""DATA:LIVE"", ""BOOK_SHA1:2a346767df"", ""EXEC:PAPER""]",-0.9921428571428572,0.0,0.0,1,False,FORCE,,,,,,,,,
1768040312120,v1.1,KXBTC-26JAN1617-B91250,1768040312120,1768600800000,UNKNOWN,UNKNOWN,,KALSHI,KXBTC-26JAN1617-B91250,,False,RESOLUTION_UNKNOWN,0,0.04,0.07,,,True,,0,0.5,0.5,0.5,0.0,0.0,0,0,7500.000000000001,5327,KALSHI_PRICE_THRESHOLD,BTC-USD,,VENUE,FORCE,HOLD,ALREADY_IN,FORCE_HOLD,"[""DATA:LIVE"", ""BOOK_SHA1:2a346767df"", ""EXEC:PAPER""]",-0.9921428571428572,0.0,0.0,1,False,FORCE,,,,,,,,,
1768040313203,v1.1,KXBTC-26JAN1617-B91250,1768040313203,1768600800000,UNKNOWN,UNKNOWN,,KALSHI,KXBTC-26JAN1617-B91250,,False,RESOLUTION_UNKNOWN,0,0.04,0.07,,,True,,0,0.5,0.5,0.5,0.0,0.0,0,0,7500.000000000001,5327,KALSHI_PRICE_THRESHOLD,BTC-USD,,VENUE,FORCE,HOLD,ALREADY_IN,FORCE_HOLD,"[""DATA:LIVE"", ""BOOK_SHA1:2a346767df"", ""EXEC:PAPER""]",-0.9921428571428572,0.0,0.0,1,False,FORCE,,,,,,,,,
1768040314287,v1.1,KXBTC-26JAN1617-B91250,1768040314287,1768600800000,UNKNOWN,UNKNOWN,,KALSHI,KXBTC-26JAN1617-B91250,,False,RESOLUTION_UNKNOWN,0,0.04,0.07,,,True,,0,0.5,0.5,0.5,0.0,0.0,0,0,7500.000000000001,5327,KALSHI_PRICE_THRESHOLD,BTC-USD,,VENUE,FORCE,HOLD,ALREADY_IN,FORCE_HOLD,"[""DATA:LIVE"", ""BOOK_SHA1:2a346767df"", ""EXEC:PAPER""]",-0.9921428571428572,0.0,0.0,1,False,FORCE,,,,,,,,,
1768040315380,v1.1,KXBTC-26JAN1617-B91250,1768040315380,1768600800000,UNKNOWN,UNKNOWN,,KALSHI,KXBTC-26JAN1617-B91250,,False,RESOLUTION_UNKNOWN,0,0.04,0.07,,,True,,0,0.5,0.5,0.5,0.0,0.0,0,0,7500.000000000001,5327,KALSHI_PRICE_THRESHOLD,BTC-USD,,VENUE,FORCE,HOLD,ALREADY_IN,FORCE_HOLD,"[""DATA:LIVE"", ""BOOK_SHA1:2a346767df"", ""EXEC:PAPER""]",-0.9921428571428572,0.0,0.0,1,False,FORCE,,,,,,,,,
1768040316551,v1.1,KXBTC-26JAN1617-B91250,1768040316551,1768600800000,UNKNOWN,UNKNOWN,,KALSHI,KXBTC-26JAN1617-B91250,,False,RESOLUTION_UNKNOWN,0,0.04,0.07,,,True,,0,0.5,0.5,0.5,0.0,0.0,0,0,7500.000000000001,5327,KALSHI_PRICE_THRESHOLD,BTC-USD,,VENUE,FORCE,HOLD,ALREADY_IN,FORCE_HOLD,"[""DATA:LIVE"", ""BOOK_SHA1:2a346767df"", ""EXEC:PAPER""]",-0.9921428571428572,0.0,0.0,1,False,FORCE,,,,,,,,,
1768040317642,v1.1,KXBTC-26JAN1617-B91250,1768040317642,1768600800000,UNKNOWN,UNKNOWN,,KALSHI,KXBTC-26JAN1617-B91250,,False,RESOLUTION_UNKNOWN,0,0.04,0.07,,,True,,0,0.5,0.5,0.5,0.0,0.0,0,0,7500.000000000001,5327,KALSHI_PRICE_THRESHOLD,BTC-USD,,VENUE,FORCE,HOLD,ALREADY_IN,FORCE_HOLD,"[""DATA:LIVE"", ""BOOK_SHA1:2a346767df"", ""EXEC:PAPER""]",-0.9921428571428572,0.0,0.0,1,False,FORCE,,,,,,,,,
1768040318729,v1.1,KXBTC-26JAN1617-B91250,1768040318729,1768600800000,UNKNOWN,UNKNOWN,,KALSHI,KXBTC-26JAN1617-B91250,,False,RESOLUTION_UNKNOWN,0,0.04,0.07,,,True,,0,0.5,0.5,0.5,0.0,0.0,0,0,7500.000000000001,5327,KALSHI_PRICE_THRESHOLD,BTC-USD,,VENUE,FORCE,HOLD,ALREADY_IN,FORCE_HOLD,"[""DATA:LIVE"", ""BOOK_SHA1:2a346767df"", ""EXEC:PAPER""]",-0.9921428571428572,0.0,0.0,1,False,FORCE,,,,,,,,,
1768040319821,v1.1,KXBTC-26JAN1617-B91250,1768040319821,1768600800000,UNKNOWN,UNKNOWN,,KALSHI,KXBTC-26JAN1617-B91250,,False,RESOLUTION_UNKNOWN,0,0.04,0.07,,,True,,0,0.5,0.5,0.5,0.0,0.0,0,0,7500.000000000001,5327,KALSHI_PRICE_THRESHOLD,BTC-USD,,VENUE,FORCE,HOLD,ALREADY_IN,FORCE_HOLD,"[""DATA:LIVE"", ""BOOK_SHA1:2a346767df"", ""EXEC:PAPER""]",-0.9921428571428572,0.0,0.0,1,False,FORCE,,,,,,,,,
1768040320916,v1.1,KXBTC-26JAN1617-B91250,1768040320916,1768600800000,UNKNOWN,UNKNOWN,,KALSHI,KXBTC-26JAN1617-B91250,,False,RESOLUTION_UNKNOWN,0,0.04,0.07,,,True,,0,0.5,0.5,0.5,0.0,0.0,0,0,7500.000000000001,5327,KALSHI_PRICE_THRESHOLD,BTC-USD,,VENUE,FORCE,HOLD,ALREADY_IN,FORCE_HOLD,"[""DATA:LIVE"", ""BOOK_SHA1:2a346767df"", ""EXEC:PAPER""]",-0.9921428571428572,0.0,0.0,1,False,FORCE,,,,,,,,,
1768040322003,v1.1,KXBTC-26JAN1617-B91250,1768040322003,1768600800000,UNKNOWN,UNKNOWN,,KALSHI,KXBTC-26JAN1617-B91250,,False,RESOLUTION_UNKNOWN,0,0.04,0.07,,,True,,0,0.5,0.5,0.5,0.0,0.0,0,0,7500.000000000001,5327,KALSHI_PRICE_THRESHOLD,BTC-USD,,VENUE,FORCE,HOLD,ALREADY_IN,FORCE_HOLD,"[""DATA:LIVE"", ""BOOK_SHA1:2a346767df"", ""EXEC:PAPER""]",-0.9921428571428572,0.0,0.0,1,False,FORCE,,,,,,,,,
1768040323092,v1.1,KXBTC-26JAN1617-B91250,1768040323092,1768600800000,UNKNOWN,UNKNOWN,,KALSHI,KXBTC-26JAN1617-B91250,,False,RESOLUTION_UNKNOWN,0,0.04,0.07,,,True,,0,0.5,0.5,0.5,0.0,0.0,0,0,7500.000000000001,5327,KALSHI_PRICE_THRESHOLD,BTC-USD,,VENUE,FORCE,HOLD,ALREADY_IN,FORCE_HOLD,"[""DATA:LIVE"", ""BOOK_SHA1:2a346767df"", ""EXEC:PAPER""]",-0.9921428571428572,0.0,0.0,1,False,FORCE,,,,,,,,,
1768040324171,v1.1,KXBTC-26JAN1617-B91250,1768040324171,1768600800000,UNKNOWN,UNKNOWN,,KALSHI,KXBTC-26JAN1617-B91250,,False,RESOLUTION_UNKNOWN,0,0.04,0.07,,,True,,0,0.5,0.5,0.5,0.0,0.0,0,0,7500.000000000001,5327,KALSHI_PRICE_THRESHOLD,BTC-USD,,VENUE,FORCE,HOLD,ALREADY_IN,FORCE_HOLD,"[""DATA:LIVE"", ""BOOK_SHA1:2a346767df"", ""EXEC:PAPER""]",-0.9921428571428572,0.0,0.0,1,False,FORCE,,,,,,,,,
1768040325271,v1.1,KXBTC-26JAN1617-B91250,1768040325271,1768600800000,UNKNOWN,UNKNOWN,,KALSHI,KXBTC-26JAN1617-B91250,,False,RESOLUTION_UNKNOWN,0,0.04,0.07,,,True,,0,0.5,0.5,0.5,0.0,0.0,0,0,7500.000000000001,5327,KALSHI_PRICE_THRESHOLD,BTC-USD,,VENUE,FORCE,HOLD,ALREADY_IN,FORCE_HOLD,"[""DATA:LIVE"", ""BOOK_SHA1:2a346767df"", ""EXEC:PAPER""]",-0.9921428571428572,0.0,0.0,1,False,FORCE,,,,,,,,,
1768040326358,v1.1,KXBTC-26JAN1617-B91250,1768040326358,1768600800000,UNKNOWN,UNKNOWN,,KALSHI,KXBTC-26JAN1617-B91250,,False,RESOLUTION_UNKNOWN,0,0.04,0.07,,,True,,0,0.5,0.5,0.5,0.0,0.0,0,0,7500.000000000001,5327,KALSHI_PRICE_THRESHOLD,BTC-USD,,VENUE,FORCE,HOLD,ALREADY_IN,FORCE_HOLD,"[""DATA:LIVE"", ""BOOK_SHA1:2a346767df"", ""EXEC:PAPER""]",-0.9921428571428572,0.0,0.0,1,False,FORCE,,,,,,,,,
1768040327444,v1.1,KXBTC-26JAN1617-B91250,1768040327444,1768600800000,UNKNOWN,UNKNOWN,,KALSHI,KXBTC-26JAN1617-B91250,,False,RESOLUTION_UNKNOWN,0,0.04,0.07,,,True,,0,0.5,0.5,0.5,0.0,0.0,0,0,7500.000000000001,5327,KALSHI_PRICE_THRESHOLD,BTC-USD,,VENUE,FORCE,HOLD,ALREADY_IN,FORCE_HOLD,"[""DATA:LIVE"", ""BOOK_SHA1:2a346767df"", ""EXEC:PAPER""]",-0.9921428571428572,0.0,0.0,1,False,FORCE,,,,,,,,,
1768040328533,v1.1,KXBTC-26JAN1617-B91250,1768040328533,1768600800000,UNKNOWN,UNKNOWN,,KALSHI,KXBTC-26JAN1617-B91250,,False,RESOLUTION_UNKNOWN,0,0.04,0.07,,,True,,0,0.5,0.5,0.5,0.0,0.0,0,0,7500.000000000001,5327,KALSHI_PRICE_THRESHOLD,BTC-USD,,VENUE,FORCE,HOLD,ALREADY_IN,FORCE_HOLD,"[""DATA:LIVE"", ""BOOK_SHA1:2a346767df"", ""EXEC:PAPER""]",-0.9921428571428572,0.0,0.0,1,False,FORCE,,,,,,,,,
1768040329615,v1.1,KXBTC-26JAN1617-B91250,1768040329615,1768600800000,UNKNOWN,UNKNOWN,,KALSHI,KXBTC-26JAN1617-B91250,,False,RESOLUTION_UNKNOWN,0,0.04,0.07,,,True,,0,0.5,0.5,0.5,0.0,0.0,0,0,7500.000000000001,5327,KALSHI_PRICE_THRESHOLD,BTC-USD,,VENUE,FORCE,HOLD,ALREADY_IN,FORCE_HOLD,"[""DATA:LIVE"", ""BOOK_SHA1:2a346767df"", ""EXEC:PAPER""]",-0.9921428571428572,0.0,0.0,1,False,FORCE,,,,,,,,,
1768040330702,v1.1,KXBTC-26JAN1617-B91250,1768040330702,1768600800000,UNKNOWN,UNKNOWN,,KALSHI,KXBTC-26JAN1617-B91250,,False,RESOLUTION_UNKNOWN,0,0.04,0.07,,,True,,0,0.5,0.5,0.5,0.0,0.0,0,0,7500.000000000001,5327,KALSHI_PRICE_THRESHOLD,BTC-USD,,VENUE,FORCE,HOLD,ALREADY_IN,FORCE_HOLD,"[""DATA:LIVE"", ""BOOK_SHA1:2a346767df"", ""EXEC:PAPER""]",-0.9921428571428572,0.0,0.0,1,False,FORCE,,,,,,,,,
1768040331787,v1.1,KXBTC-26JAN1617-B91250,1768040331787,1768600800000,UNKNOWN,UNKNOWN,,KALSHI,KXBTC-26JAN1617-B91250,,False,RESOLUTION_UNKNOWN,0,0.04,0.07,,,True,,0,,,,,,,,7500.000000000001,5327,KALSHI_PRICE_THRESHOLD,BTC-USD,,VENUE,,WOULD_EXIT,FORCE_EXIT,FORCE_EXIT,"[""DATA:LIVE"", ""BOOK_SHA1:2a346767df"", ""EXEC:PAPER"", ""FILL:EXIT 14.3 @ 0.040""]",-1.4207142857142858,0.0,0.0,0,False,,,,,,,,,,
1768040332889,v1.1,KXBTC-26JAN1617-B91250,1768040332889,1768600800000,UNKNOWN,UNKNOWN,,KALSHI,KXBTC-26JAN1617-B91250,,False,RESOLUTION_UNKNOWN,0,0.04,0.07,,,True,,0,0.5,0.5,0.5,0.0,0.0,0,0,7500.000000000001,5327,KALSHI_PRICE_THRESHOLD,BTC-USD,,VENUE,FORCE,WOULD_ENTER,FORCE_ENTRY,FORCE_ENTRY,"[""FORCE_ENTRY"", ""DATA:LIVE"", ""BOOK_SHA1:2a346767df"", ""EXEC:PAPER"", ""FILL: ENTER YES 14.3 @ 0.070""]",-1.4207142857142858,0.0,0.0,1,False,FORCE,,,,,,,,,
1768040333986,v1.1,KXBTC-26JAN1617-B91250,1768040333986,1768600800000,UNKNOWN,UNKNOWN,,KALSHI,KXBTC-26JAN1617-B91250,,False,RESOLUTION_UNKNOWN,0,0.04,0.07,,,True,,0,0.5,0.5,0.5,0.0,0.0,0,0,7500.000000000001,5327,KALSHI_PRICE_THRESHOLD,BTC-USD,,VENUE,FORCE,HOLD,ALREADY_IN,FORCE_HOLD,"[""DATA:LIVE"", ""BOOK_SHA1:2a346767df"", ""EXEC:PAPER""]",-1.4207142857142858,0.0,0.0,1,False,FORCE,,,,,,,,,
1768040335071,v1.1,KXBTC-26JAN1617-B91250,1768040335071,1768600800000,UNKNOWN,UNKNOWN,,KALSHI,KXBTC-26JAN1617-B91250,,False,RESOLUTION_UNKNOWN,0,0.04,0.07,,,True,,0,0.5,0.5,0.5,0.0,0.0,0,0,7500.000000000001,5327,KALSHI_PRICE_THRESHOLD,BTC-USD,,VENUE,FORCE,HOLD,ALREADY_IN,FORCE_HOLD,"[""DATA:LIVE"", ""BOOK_SHA1:2a346767df"", ""EXEC:PAPER""]",-1.4207142857142858,0.0,0.0,1,False,FORCE,,,,,,,,,
1768040336153,v1.1,KXBTC-26JAN1617-B91250,1768040336153,1768600800000,UNKNOWN,UNKNOWN,,KALSHI,KXBTC-26JAN1617-B91250,,False,RESOLUTION_UNKNOWN,0,0.04,0.07,,,True,,0,0.5,0.5,0.5,0.0,0.0,0,0,7500.000000000001,5327,KALSHI_PRICE_THRESHOLD,BTC-USD,,VENUE,FORCE,HOLD,ALREADY_IN,FORCE_HOLD,"[""DATA:LIVE"", ""BOOK_SHA1:2a346767df"", ""EXEC:PAPER""]",-1.4207142857142858,0.0,0.0,1,False,FORCE,,,,,,,,,
1768040337283,v1.1,KXBTC-26JAN1617-B91250,1768040337283,1768600800000,UNKNOWN,UNKNOWN,,KALSHI,KXBTC-26JAN1617-B91250,,False,RESOLUTION_UNKNOWN,0,0.04,0.07,,,True,,0,0.5,0.5,0.5,0.0,0.0,0,0,7500.000000000001,5327,KALSHI_PRICE_THRESHOLD,BTC-USD,,VENUE,FORCE,HOLD,ALREADY_IN,FORCE_HOLD,"[""DATA:LIVE"", ""BOOK_SHA1:2a346767df"", ""EXEC:PAPER""]",-1.4207142857142858,0.0,0.0,1,False,FORCE,,,,,,,,,
1768040338372,v1.1,KXBTC-26JAN1617-B91250,1768040338372,1768600800000,UNKNOWN,UNKNOWN,,KALSHI,KXBTC-26JAN1617-B91250,,False,RESOLUTION_UNKNOWN,0,0.04,0.07,,,True,,0,0.5,0.5,0.5,0.0,0.0,0,0,7500.000000000001,5327,KALSHI_PRICE_THRESHOLD,BTC-USD,,VENUE,FORCE,HOLD,ALREADY_IN,FORCE_HOLD,"[""DATA:LIVE"", ""BOOK_SHA1:2a346767df"", ""EXEC:PAPER""]",-1.4207142857142858,0.0,0.0,1,False,FORCE,,,,,,,,,
1768040339455,v1.1,KXBTC-26JAN1617-B91250,1768040339455,1768600800000,UNKNOWN,UNKNOWN,,KALSHI,KXBTC-26JAN1617-B91250,,False,RESOLUTION_UNKNOWN,0,0.04,0.07,,,True,,0,0.5,0.5,0.5,0.0,0.0,0,0,7500.000000000001,5327,KALSHI_PRICE_THRESHOLD,BTC-USD,,VENUE,FORCE,HOLD,ALREADY_IN,FORCE_HOLD,"[""DATA:LIVE"", ""BOOK_SHA1:2a346767df"", ""EXEC:PAPER""]",-1.4207142857142858,0.0,0.0,1,False,FORCE,,,,,,,,,
1768040340541,v1.1,KXBTC-26JAN1617-B91250,1768040340541,1768600800000,UNKNOWN,UNKNOWN,,KALSHI,KXBTC-26JAN1617-B91250,,False,RESOLUTION_UNKNOWN,0,0.04,0.07,,,True,,0,0.5,0.5,0.5,0.0,0.0,0,0,7500.000000000001,5327,KALSHI_PRICE_THRESHOLD,BTC-USD,,VENUE,FORCE,HOLD,ALREADY_IN,FORCE_HOLD,"[""DATA:LIVE"", ""BOOK_SHA1:2a346767df"", ""EXEC:PAPER""]",-1.4207142857142858,0.0,0.0,1,False,FORCE,,,,,,,,,
1768040341626,v1.1,KXBTC-26JAN1617-B91250,1768040341626,1768600800000,UNKNOWN,UNKNOWN,,KALSHI,KXBTC-26JAN1617-B91250,,False,RESOLUTION_UNKNOWN,0,0.04,0.07,,,True,,0,0.5,0.5,0.5,0.0,0.0,0,0,7500.000000000001,5327,KALSHI_PRICE_THRESHOLD,BTC-USD,,VENUE,FORCE,HOLD,ALREADY_IN,FORCE_HOLD,"[""DATA:LIVE"", ""BOOK_SHA1:2a346767df"", ""EXEC:PAPER""]",-1.4207142857142858,0.0,0.0,1,False,FORCE,,,,,,,,,
1768040342709,v1.1,KXBTC-26JAN1617-B91250,1768040342709,1768600800000,UNKNOWN,UNKNOWN,,KALSHI,KXBTC-26JAN1617-B91250,,False,RESOLUTION_UNKNOWN,0,0.04,0.07,,,True,,0,0.5,0.5,0.5,0.0,0.0,0,0,7500.000000000001,5327,KALSHI_PRICE_THRESHOLD,BTC-USD,,VENUE,FORCE,HOLD,ALREADY_IN,FORCE_HOLD,"[""DATA:LIVE"", ""BOOK_SHA1:2a346767df"", ""EXEC:PAPER""]",-1.4207142857142858,0.0,0.0,1,False,FORCE,,,,,,,,,
1768040343804,v1.1,KXBTC-26JAN1617-B91250,1768040343804,1768600800000,UNKNOWN,UNKNOWN,,KALSHI,KXBTC-26JAN1617-B91250,,False,RESOLUTION_UNKNOWN,0,0.04,0.07,,,True,,0,0.5,0.5,0.5,0.0,0.0,0,0,7500.000000000001,5327,KALSHI_PRICE_THRESHOLD,BTC-USD,,VENUE,FORCE,HOLD,ALREADY_IN,FORCE_HOLD,"[""DATA:LIVE"", ""BOOK_SHA1:2a346767df"", ""EXEC:PAPER""]",-1.4207142857142858,0.0,0.0,1,False,FORCE,,,,,,,,,
1768040344890,v1.1,KXBTC-26JAN1617-B91250,1768040344890,1768600800000,UNKNOWN,UNKNOWN,,KALSHI,KXBTC-26JAN1617-B91250,,False,RESOLUTION_UNKNOWN,0,0.04,0.07,,,True,,0,0.5,0.5,0.5,0.0,0.0,0,0,7500.000000000001,5327,KALSHI_PRICE_THRESHOLD,BTC-USD,,VENUE,FORCE,HOLD,ALREADY_IN,FORCE_HOLD,"[""DATA:LIVE"", ""BOOK_SHA1:2a346767df"", ""EXEC:PAPER""]",-1.4207142857142858,0.0,0.0,1,False,FORCE,,,,,,,,,
1768040345984,v1.1,KXBTC-26JAN1617-B91250,1768040345984,1768600800000,UNKNOWN,UNKNOWN,,KALSHI,KXBTC-26JAN1617-B91250,,False,RESOLUTION_UNKNOWN,0,0.04,0.07,,,True,,0,0.5,0.5,0.5,0.0,0.0,0,0,7500.000000000001,5327,KALSHI_PRICE_THRESHOLD,BTC-USD,,VENUE,FORCE,HOLD,ALREADY_IN,FORCE_HOLD,"[""DATA:LIVE"", ""BOOK_SHA1:2a346767df"", ""EXEC:PAPER""]",-1.4207142857142858,0.0,0.0,1,False,FORCE,,,,,,,,,
1768040347065,v1.1,KXBTC-26JAN1617-B91250,1768040347065,1768600800000,UNKNOWN,UNKNOWN,,KALSHI,KXBTC-26JAN1617-B91250,,False,RESOLUTION_UNKNOWN,0,0.04,0.07,,,True,,0,0.5,0.5,0.5,0.0,0.0,0,0,7500.000000000001,5327,KALSHI_PRICE_THRESHOLD,BTC-USD,,VENUE,FORCE,HOLD,ALREADY_IN,FORCE_HOLD,"[""DATA:LIVE"", ""BOOK_SHA1:2a346767df"", ""EXEC:PAPER""]",-1.4207142857142858,0.0,0.0,1,False,FORCE,,,,,,,,,
1768040348191,v1.1,KXBTC-26JAN1617-B91250,1768040348191,1768600800000,UNKNOWN,UNKNOWN,,KALSHI,KXBTC-26JAN1617-B91250,,False,RESOLUTION_UNKNOWN,0,0.04,0.07,,,True,,0,0.5,0.5,0.5,0.0,0.0,0,0,7500.000000000001,5327,KALSHI_PRICE_THRESHOLD,BTC-USD,,VENUE,FORCE,HOLD,ALREADY_IN,FORCE_HOLD,"[""DATA:LIVE"", ""BOOK_SHA1:2a346767df"", ""EXEC:PAPER""]",-1.4207142857142858,0.0,0.0,1,False,FORCE,,,,,,,,,
1768040349284,v1.1,KXBTC-26JAN1617-B91250,1768040349284,1768600800000,UNKNOWN,UNKNOWN,,KALSHI,KXBTC-26JAN1617-B91250,,False,RESOLUTION_UNKNOWN,0,0.04,0.07,,,True,,0,0.5,0.5,0.5,0.0,0.0,0,0,7500.000000000001,5327,KALSHI_PRICE_THRESHOLD,BTC-USD,,VENUE,FORCE,HOLD,ALREADY_IN,FORCE_HOLD,"[""DATA:LIVE"", ""BOOK_SHA1:2a346767df"", ""EXEC:PAPER""]",-1.4207142857142858,0.0,0.0,1,False,FORCE,,,,,,,,,
1768040350389,v1.1,KXBTC-26JAN1617-B91250,1768040350389,1768600800000,UNKNOWN,UNKNOWN,,KALSHI,KXBTC-26JAN1617-B91250,,False,RESOLUTION_UNKNOWN,0,0.04,0.07,,,True,,0,0.5,0.5,0.5,0.0,0.0,0,0,7500.000000000001,5327,KALSHI_PRICE_THRESHOLD,BTC-USD,,VENUE,FORCE,HOLD,ALREADY_IN,FORCE_HOLD,"[""DATA:LIVE"", ""BOOK_SHA1:2a346767df"", ""EXEC:PAPER""]",-1.4207142857142858,0.0,0.0,1,False,FORCE,,,,,,,,,
1768040351471,v1.1,KXBTC-26JAN1617-B91250,1768040351471,1768600800000,UNKNOWN,UNKNOWN,,KALSHI,KXBTC-26JAN1617-B91250,,False,RESOLUTION_UNKNOWN,0,0.04,0.07,,,True,,0,0.5,0.5,0.5,0.0,0.0,0,0,7500.000000000001,5327,KALSHI_PRICE_THRESHOLD,BTC-USD,,VENUE,FORCE,HOLD,ALREADY_IN,FORCE_HOLD,"[""DATA:LIVE"", ""BOOK_SHA1:2a346767df"", ""EXEC:PAPER""]",-1.4207142857142858,0.0,0.0,1,False,FORCE,,,,,,,,,
1768040352568,v1.1,KXBTC-26JAN1617-B91250,1768040352568,1768600800000,UNKNOWN,UNKNOWN,,KALSHI,KXBTC-26JAN1617-B91250,,False,RESOLUTION_UNKNOWN,0,0.04,0.07,,,True,,0,0.5,0.5,0.5,0.0,0.0,0,0,7500.000000000001,5327,KALSHI_PRICE_THRESHOLD,BTC-USD,,VENUE,FORCE,HOLD,ALREADY_IN,FORCE_HOLD,"[""DATA:LIVE"", ""BOOK_SHA1:2a346767df"", ""EXEC:PAPER""]",-1.4207142857142858,0.0,0.0,1,False,FORCE,,,,,,,,,
1768040353651,v1.1,KXBTC-26JAN1617-B91250,1768040353651,1768600800000,UNKNOWN,UNKNOWN,,KALSHI,KXBTC-26JAN1617-B91250,,False,RESOLUTION_UNKNOWN,0,0.04,0.07,,,True,,0,0.5,0.5,0.5,0.0,0.0,0,0,7500.000000000001,5327,KALSHI_PRICE_THRESHOLD,BTC-USD,,VENUE,FORCE,HOLD,ALREADY_IN,FORCE_HOLD,"[""DATA:LIVE"", ""BOOK_SHA1:2a346767df"", ""EXEC:PAPER""]",-1.4207142857142858,0.0,0.0,1,False,FORCE,,,,,,,,,
1768040354751,v1.1,KXBTC-26JAN1617-B91250,1768040354751,1768600800000,UNKNOWN,UNKNOWN,,KALSHI,KXBTC-26JAN1617-B91250,,False,RESOLUTION_UNKNOWN,0,0.04,0.07,,,True,,0,0.5,0.5,0.5,0.0,0.0,0,0,7500.000000000001,5327,KALSHI_PRICE_THRESHOLD,BTC-USD,,VENUE,FORCE,HOLD,ALREADY_IN,FORCE_HOLD,"[""DATA:LIVE"", ""BOOK_SHA1:2a346767df"", ""EXEC:PAPER""]",-1.4207142857142858,0.0,0.0,1,False,FORCE,,,,,,,,,
1768040355853,v1.1,KXBTC-26JAN1617-B91250,1768040355853,1768600800000,UNKNOWN,UNKNOWN,,KALSHI,KXBTC-26JAN1617-B91250,,False,RESOLUTION_UNKNOWN,0,0.04,0.07,,,True,,0,0.5,0.5,0.5,0.0,0.0,0,0,7500.000000000001,5327,KALSHI_PRICE_THRESHOLD,BTC-USD,,VENUE,FORCE,HOLD,ALREADY_IN,FORCE_HOLD,"[""DATA:LIVE"", ""BOOK_SHA1:2a346767df"", ""EXEC:PAPER""]",-1.4207142857142858,0.0,0.0,1,False,FORCE,,,,,,,,,
1768040356938,v1.1,KXBTC-26JAN1617-B91250,1768040356938,1768600800000,UNKNOWN,UNKNOWN,,KALSHI,KXBTC-26JAN1617-B91250,,False,RESOLUTION_UNKNOWN,0,0.04,0.07,,,True,,0,0.5,0.5,0.5,0.0,0.0,0,0,7500.000000000001,5327,KALSHI_PRICE_THRESHOLD,BTC-USD,,VENUE,FORCE,HOLD,ALREADY_IN,FORCE_HOLD,"[""DATA:LIVE"", ""BOOK_SHA1:2a346767df"", ""EXEC:PAPER""]",-1.4207142857142858,0.0,0.0,1,False,FORCE,,,,,,,,,
1768040358029,v1.1,KXBTC-26JAN1617-B91250,1768040358029,1768600800000,UNKNOWN,UNKNOWN,,KALSHI,KXBTC-26JAN1617-B91250,,False,RESOLUTION_UNKNOWN,0,0.04,0.07,,,True,,0,0.5,0.5,0.5,0.0,0.0,0,0,7500.000000000001,5327,KALSHI_PRICE_THRESHOLD,BTC-USD,,VENUE,FORCE,HOLD,ALREADY_IN,FORCE_HOLD,"[""DATA:LIVE"", ""BOOK_SHA1:2a346767df"", ""EXEC:PAPER""]",-1.4207142857142858,0.0,0.0,1,False,FORCE,,,,,,,,,
1768040359158,v1.1,KXBTC-26JAN1617-B91250,1768040359158,1768600800000,UNKNOWN,UNKNOWN,,KALSHI,KXBTC-26JAN1617-B91250,,False,RESOLUTION_UNKNOWN,0,0.04,0.07,,,True,,0,0.5,0.5,0.5,0.0,0.0,0,0,7500.000000000001,5327,KALSHI_PRICE_THRESHOLD,BTC-USD,,VENUE,FORCE,HOLD,ALREADY_IN,FORCE_HOLD,"[""DATA:LIVE"", ""BOOK_SHA1:2a346767df"", ""EXEC:PAPER""]",-1.4207142857142858,0.0,0.0,1,False,FORCE,,,,,,,,,
1768040360243,v1.1,KXBTC-26JAN1617-B91250,1768040360243,1768600800000,UNKNOWN,UNKNOWN,,KALSHI,KXBTC-26JAN1617-B91250,,False,RESOLUTION_UNKNOWN,0,0.04,0.07,,,True,,0,0.5,0.5,0.5,0.0,0.0,0,0,7500.000000000001,5327,KALSHI_PRICE_THRESHOLD,BTC-USD,,VENUE,FORCE,HOLD,ALREADY_IN,FORCE_HOLD,"[""DATA:LIVE"", ""BOOK_SHA1:2a346767df"", ""EXEC:PAPER""]",-1.4207142857142858,0.0,0.0,1,False,FORCE,,,,,,,,,
1768040361333,v1.1,KXBTC-26JAN1617-B91250,1768040361333,1768600800000,UNKNOWN,UNKNOWN,,KALSHI,KXBTC-26JAN1617-B91250,,False,RESOLUTION_UNKNOWN,0,0.04,0.07,,,True,,0,0.5,0.5,0.5,0.0,0.0,0,0,7500.000000000001,5327,KALSHI_PRICE_THRESHOLD,BTC-USD,,VENUE,FORCE,HOLD,ALREADY_IN,FORCE_HOLD,"[""DATA:LIVE"", ""BOOK_SHA1:2a346767df"", ""EXEC:PAPER""]",-1.4207142857142858,0.0,0.0,1,False,FORCE,,,,,,,,,
1768040362421,v1.1,KXBTC-26JAN1617-B91250,1768040362421,1768600800000,UNKNOWN,UNKNOWN,,KALSHI,KXBTC-26JAN1617-B91250,,False,RESOLUTION_UNKNOWN,0,0.04,0.07,,,True,,0,0.5,0.5,0.5,0.0,0.0,0,0,7500.000000000001,5327,KALSHI_PRICE_THRESHOLD,BTC-USD,,VENUE,FORCE,HOLD,ALREADY_IN,FORCE_HOLD,"[""DATA:LIVE"", ""BOOK_SHA1:2a346767df"", ""EXEC:PAPER""]",-1.4207142857142858,0.0,0.0,1,False,FORCE,,,,,,,,,
1768040363507,v1.1,KXBTC-26JAN1617-B91250,1768040363507,1768600800000,UNKNOWN,UNKNOWN,,KALSHI,KXBTC-26JAN1617-B91250,,False,RESOLUTION_UNKNOWN,0,0.04,0.07,,,True,,0,,,,,,,,7500.000000000001,5327,KALSHI_PRICE_THRESHOLD,BTC-USD,,VENUE,,WOULD_EXIT,FORCE_EXIT,FORCE_EXIT,"[""DATA:LIVE"", ""BOOK_SHA1:2a346767df"", ""EXEC:PAPER"", ""FILL:EXIT 14.3 @ 0.040""]",-1.8492857142857144,0.0,0.0,0,False,,,,,,,,,,
1768040364596,v1.1,KXBTC-26JAN1617-B91250,1768040364596,1768600800000,UNKNOWN,UNKNOWN,,KALSHI,KXBTC-26JAN1617-B91250,,False,RESOLUTION_UNKNOWN,0,0.04,0.07,,,True,,0,0.5,0.5,0.5,0.0,0.0,0,0,7500.000000000001,5327,KALSHI_PRICE_THRESHOLD,BTC-USD,,VENUE,FORCE,WOULD_ENTER,FORCE_ENTRY,FORCE_ENTRY,"[""FORCE_ENTRY"", ""DATA:LIVE"", ""BOOK_SHA1:2a346767df"", ""EXEC:PAPER"", ""FILL: ENTER YES 14.3 @ 0.070""]",-1.8492857142857144,0.0,0.0,1,False,FORCE,,,,,,,,,
1768040365683,v1.1,KXBTC-26JAN1617-B91250,1768040365683,1768600800000,UNKNOWN,UNKNOWN,,KALSHI,KXBTC-26JAN1617-B91250,,False,RESOLUTION_UNKNOWN,0,0.04,0.07,,,True,,0,0.5,0.5,0.5,0.0,0.0,0,0,7500.000000000001,5327,KALSHI_PRICE_THRESHOLD,BTC-USD,,VENUE,FORCE,HOLD,ALREADY_IN,FORCE_HOLD,"[""DATA:LIVE"", ""BOOK_SHA1:2a346767df"", ""EXEC:PAPER""]",-1.8492857142857144,0.0,0.0,1,False,FORCE,,,,,,,,,
1768040366775,v1.1,KXBTC-26JAN1617-B91250,1768040366775,1768600800000,UNKNOWN,UNKNOWN,,KALSHI,KXBTC-26JAN1617-B91250,,False,RESOLUTION_UNKNOWN,0,0.04,0.07,,,True,,0,0.5,0.5,0.5,0.0,0.0,0,0,7500.000000000001,5327,KALSHI_PRICE_THRESHOLD,BTC-USD,,VENUE,FORCE,HOLD,ALREADY_IN,FORCE_HOLD,"[""DATA:LIVE"", ""BOOK_SHA1:2a346767df"", ""EXEC:PAPER""]",-1.8492857142857144,0.0,0.0,1,False,FORCE,,,,,,,,,
1768040367866,v1.1,KXBTC-26JAN1617-B91250,1768040367866,1768600800000,UNKNOWN,UNKNOWN,,KALSHI,KXBTC-26JAN1617-B91250,,False,RESOLUTION_UNKNOWN,0,0.04,0.07,,,True,,0,0.5,0.5,0.5,0.0,0.0,0,0,7500.000000000001,5327,KALSHI_PRICE_THRESHOLD,BTC-USD,,VENUE,FORCE,HOLD,ALREADY_IN,FORCE_HOLD,"[""DATA:LIVE"", ""BOOK_SHA1:2a346767df"", ""EXEC:PAPER""]",-1.8492857142857144,0.0,0.0,1,False,FORCE,,,,,,,,,
1768040368961,v1.1,KXBTC-26JAN1617-B91250,1768040368961,1768600800000,UNKNOWN,UNKNOWN,,KALSHI,KXBTC-26JAN1617-B91250,,False,RESOLUTION_UNKNOWN,0,0.04,0.07,,,True,,0,0.5,0.5,0.5,0.0,0.0,0,0,7500.000000000001,5327,KALSHI_PRICE_THRESHOLD,BTC-USD,,VENUE,FORCE,HOLD,ALREADY_IN,FORCE_HOLD,"[""DATA:LIVE"", ""BOOK_SHA1:2a346767df"", ""EXEC:PAPER""]",-1.8492857142857144,0.0,0.0,1,False,FORCE,,,,,,,,,
1768040370054,v1.1,KXBTC-26JAN1617-B91250,1768040370054,1768600800000,UNKNOWN,UNKNOWN,,KALSHI,KXBTC-26JAN1617-B91250,,False,RESOLUTION_UNKNOWN,0,0.04,0.07,,,True,,0,0.5,0.5,0.5,0.0,0.0,0,0,7500.000000000001,5327,KALSHI_PRICE_THRESHOLD,BTC-USD,,VENUE,FORCE,HOLD,ALREADY_IN,FORCE_HOLD,"[""DATA:LIVE"", ""BOOK_SHA1:2a346767df"", ""EXEC:PAPER""]",-1.8492857142857144,0.0,0.0,1,False,FORCE,,,,,,,,,
1768040371156,v1.1,KXBTC-26JAN1617-B91250,1768040371156,1768600800000,UNKNOWN,UNKNOWN,,KALSHI,KXBTC-26JAN1617-B91250,,False,RESOLUTION_UNKNOWN,0,0.04,0.07,,,True,,0,0.5,0.5,0.5,0.0,0.0,0,0,7500.000000000001,5327,KALSHI_PRICE_THRESHOLD,BTC-USD,,VENUE,FORCE,HOLD,ALREADY_IN,FORCE_HOLD,"[""DATA:LIVE"", ""BOOK_SHA1:2a346767df"", ""EXEC:PAPER""]",-1.8492857142857144,0.0,0.0,1,False,FORCE,,,,,,,,,
1768040372239,v1.1,KXBTC-26JAN1617-B91250,1768040372239,1768600800000,UNKNOWN,UNKNOWN,,KALSHI,KXBTC-26JAN1617-B91250,,False,RESOLUTION_UNKNOWN,0,0.04,0.07,,,True,,0,0.5,0.5,0.5,0.0,0.0,0,0,7500.000000000001,5327,KALSHI_PRICE_THRESHOLD,BTC-USD,,VENUE,FORCE,HOLD,ALREADY_IN,FORCE_HOLD,"[""DATA:LIVE"", ""BOOK_SHA1:2a346767df"", ""EXEC:PAPER""]",-1.8492857142857144,0.0,0.0,1,False,FORCE,,,,,,,,,
1768040373335,v1.1,KXBTC-26JAN1617-B91250,1768040373335,1768600800000,UNKNOWN,UNKNOWN,,KALSHI,KXBTC-26JAN1617-B91250,,False,RESOLUTION_UNKNOWN,0,0.04,0.07,,,True,,0,0.5,0.5,0.5,0.0,0.0,0,0,7500.000000000001,5327,KALSHI_PRICE_THRESHOLD,BTC-USD,,VENUE,FORCE,HOLD,ALREADY_IN,FORCE_HOLD,"[""DATA:LIVE"", ""BOOK_SHA1:2a346767df"", ""EXEC:PAPER""]",-1.8492857142857144,0.0,0.0,1,False,FORCE,,,,,,,,,
1768040374422,v1.1,KXBTC-26JAN1617-B91250,1768040374422,1768600800000,UNKNOWN,UNKNOWN,,KALSHI,KXBTC-26JAN1617-B91250,,False,RESOLUTION_UNKNOWN,0,0.04,0.07,,,True,,0,0.5,0.5,0.5,0.0,0.0,0,0,7500.000000000001,5327,KALSHI_PRICE_THRESHOLD,BTC-USD,,VENUE,FORCE,HOLD,ALREADY_IN,FORCE_HOLD,"[""DATA:LIVE"", ""BOOK_SHA1:2a346767df"", ""EXEC:PAPER""]",-1.8492857142857144,0.0,0.0,1,False,FORCE,,,,,,,,,
1768040375507,v1.1,KXBTC-26JAN1617-B91250,1768040375507,1768600800000,UNKNOWN,UNKNOWN,,KALSHI,KXBTC-26JAN1617-B91250,,False,RESOLUTION_UNKNOWN,0,0.04,0.07,,,True,,0,0.5,0.5,0.5,0.0,0.0,0,0,7500.000000000001,5327,KALSHI_PRICE_THRESHOLD,BTC-USD,,VENUE,FORCE,HOLD,ALREADY_IN,FORCE_HOLD,"[""DATA:LIVE"", ""BOOK_SHA1:2a346767df"", ""EXEC:PAPER""]",-1.8492857142857144,0.0,0.0,1,False,FORCE,,,,,,,,,
1768040376600,v1.1,KXBTC-26JAN1617-B91250,1768040376600,1768600800000,UNKNOWN,UNKNOWN,,KALSHI,KXBTC-26JAN1617-B91250,,False,RESOLUTION_UNKNOWN,0,0.04,0.07,,,True,,0,0.5,0.5,0.5,0.0,0.0,0,0,7500.000000000001,5327,KALSHI_PRICE_THRESHOLD,BTC-USD,,VENUE,FORCE,HOLD,ALREADY_IN,FORCE_HOLD,"[""DATA:LIVE"", ""BOOK_SHA1:2a346767df"", ""EXEC:PAPER""]",-1.8492857142857144,0.0,0.0,1,False,FORCE,,,,,,,,,
1768040377683,v1.1,KXBTC-26JAN1617-B91250,1768040377683,1768600800000,UNKNOWN,UNKNOWN,,KALSHI,KXBTC-26JAN1617-B91250,,False,RESOLUTION_UNKNOWN,0,0.04,0.07,,,True,,0,0.5,0.5,0.5,0.0,0.0,0,0,7500.000000000001,5327,KALSHI_PRICE_THRESHOLD,BTC-USD,,VENUE,FORCE,HOLD,ALREADY_IN,FORCE_HOLD,"[""DATA:LIVE"", ""BOOK_SHA1:2a346767df"", ""EXEC:PAPER""]",-1.8492857142857144,0.0,0.0,1,False,FORCE,,,,,,,,,
1768040378773,v1.1,KXBTC-26JAN1617-B91250,1768040378773,1768600800000,UNKNOWN,UNKNOWN,,KALSHI,KXBTC-26JAN1617-B91250,,False,RESOLUTION_UNKNOWN,0,0.04,0.07,,,True,,0,0.5,0.5,0.5,0.0,0.0,0,0,7500.000000000001,5327,KALSHI_PRICE_THRESHOLD,BTC-USD,,VENUE,FORCE,HOLD,ALREADY_IN,FORCE_HOLD,"[""DATA:LIVE"", ""BOOK_SHA1:2a346767df"", ""EXEC:PAPER""]",-1.8492857142857144,0.0,0.0,1,False,FORCE,,,,,,,,,
1768040379853,v1.1,KXBTC-26JAN1617-B91250,1768040379853,1768600800000,UNKNOWN,UNKNOWN,,KALSHI,KXBTC-26JAN1617-B91250,,False,RESOLUTION_UNKNOWN,0,0.04,0.07,,,True,,0,0.5,0.5,0.5,0.0,0.0,0,0,7500.000000000001,5327,KALSHI_PRICE_THRESHOLD,BTC-USD,,VENUE,FORCE,HOLD,ALREADY_IN,FORCE_HOLD,"[""DATA:LIVE"", ""BOOK_SHA1:2a346767df"", ""EXEC:PAPER""]",-1.8492857142857144,0.0,0.0,1,False,FORCE,,,,,,,,,
1768040380939,v1.1,KXBTC-26JAN1617-B91250,1768040380939,1768600800000,UNKNOWN,UNKNOWN,,KALSHI,KXBTC-26JAN1617-B91250,,False,RESOLUTION_UNKNOWN,0,0.04,0.07,,,True,,0,0.5,0.5,0.5,0.0,0.0,0,0,7500.000000000001,5327,KALSHI_PRICE_THRESHOLD,BTC-USD,,VENUE,FORCE,HOLD,ALREADY_IN,FORCE_HOLD,"[""DATA:LIVE"", ""BOOK_SHA1:2a346767df"", ""EXEC:PAPER""]",-1.8492857142857144,0.0,0.0,1,False,FORCE,,,,,,,,,
1768040382025,v1.1,KXBTC-26JAN1617-B91250,1768040382025,1768600800000,UNKNOWN,UNKNOWN,,KALSHI,KXBTC-26JAN1617-B91250,,False,RESOLUTION_UNKNOWN,0,0.04,0.07,,,True,,0,0.5,0.5,0.5,0.0,0.0,0,0,7500.000000000001,5327,KALSHI_PRICE_THRESHOLD,BTC-USD,,VENUE,FORCE,HOLD,ALREADY_IN,FORCE_HOLD,"[""DATA:LIVE"", ""BOOK_SHA1:2a346767df"", ""EXEC:PAPER""]",-1.8492857142857144,0.0,0.0,1,False,FORCE,,,,,,,,,
1768040383109,v1.1,KXBTC-26JAN1617-B91250,1768040383109,1768600800000,UNKNOWN,UNKNOWN,,KALSHI,KXBTC-26JAN1617-B91250,,False,RESOLUTION_UNKNOWN,0,0.04,0.07,,,True,,0,0.5,0.5,0.5,0.0,0.0,0,0,7500.000000000001,5327,KALSHI_PRICE_THRESHOLD,BTC-USD,,VENUE,FORCE,HOLD,ALREADY_IN,FORCE_HOLD,"[""DATA:LIVE"", ""BOOK_SHA1:2a346767df"", ""EXEC:PAPER""]",-1.8492857142857144,0.0,0.0,1,False,FORCE,,,,,,,,,
1768040384194,v1.1,KXBTC-26JAN1617-B91250,1768040384194,1768600800000,UNKNOWN,UNKNOWN,,KALSHI,KXBTC-26JAN1617-B91250,,False,RESOLUTION_UNKNOWN,0,0.04,0.07,,,True,,0,0.5,0.5,0.5,0.0,0.0,0,0,7500.000000000001,5327,KALSHI_PRICE_THRESHOLD,BTC-USD,,VENUE,FORCE,HOLD,ALREADY_IN,FORCE_HOLD,"[""DATA:LIVE"", ""BOOK_SHA1:2a346767df"", ""EXEC:PAPER""]",-1.8492857142857144,0.0,0.0,1,False,FORCE,,,,,,,,,
1768040385290,v1.1,KXBTC-26JAN1617-B91250,1768040385290,1768600800000,UNKNOWN,UNKNOWN,,KALSHI,KXBTC-26JAN1617-B91250,,False,RESOLUTION_UNKNOWN,0,0.04,0.07,,,True,,0,0.5,0.5,0.5,0.0,0.0,0,0,7500.000000000001,5327,KALSHI_PRICE_THRESHOLD,BTC-USD,,VENUE,FORCE,HOLD,ALREADY_IN,FORCE_HOLD,"[""DATA:LIVE"", ""BOOK_SHA1:2a346767df"", ""EXEC:PAPER""]",-1.8492857142857144,0.0,0.0,1,False,FORCE,,,,,,,,,
1768040386374,v1.1,KXBTC-26JAN1617-B91250,1768040386374,1768600800000,UNKNOWN,UNKNOWN,,KALSHI,KXBTC-26JAN1617-B91250,,False,RESOLUTION_UNKNOWN,0,0.04,0.07,,,True,,0,0.5,0.5,0.5,0.0,0.0,0,0,7500.000000000001,5327,KALSHI_PRICE_THRESHOLD,BTC-USD,,VENUE,FORCE,HOLD,ALREADY_IN,FORCE_HOLD,"[""DATA:LIVE"", ""BOOK_SHA1:2a346767df"", ""EXEC:PAPER""]",-1.8492857142857144,0.0,0.0,1,False,FORCE,,,,,,,,,
1768040387458,v1.1,KXBTC-26JAN1617-B91250,1768040387458,1768600800000,UNKNOWN,UNKNOWN,,KALSHI,KXBTC-26JAN1617-B91250,,False,RESOLUTION_UNKNOWN,0,0.04,0.07,,,True,,0,0.5,0.5,0.5,0.0,0.0,0,0,7500.000000000001,5327,KALSHI_PRICE_THRESHOLD,BTC-USD,,VENUE,FORCE,HOLD,ALREADY_IN,FORCE_HOLD,"[""DATA:LIVE"", ""BOOK_SHA1:2a346767df"", ""EXEC:PAPER""]",-1.8492857142857144,0.0,0.0,1,False,FORCE,,,,,,,,,
1768040388545,v1.1,KXBTC-26JAN1617-B91250,1768040388545,1768600800000,UNKNOWN,UNKNOWN,,KALSHI,KXBTC-26JAN1617-B91250,,False,RESOLUTION_UNKNOWN,0,0.04,0.07,,,True,,0,0.5,0.5,0.5,0.0,0.0,0,0,7500.000000000001,5327,KALSHI_PRICE_THRESHOLD,BTC-USD,,VENUE,FORCE,HOLD,ALREADY_IN,FORCE_HOLD,"[""DATA:LIVE"", ""BOOK_SHA1:2a346767df"", ""EXEC:PAPER""]",-1.8492857142857144,0.0,0.0,1,False,FORCE,,,,,,,,,
1768040389627,v1.1,KXBTC-26JAN1617-B91250,1768040389627,1768600800000,UNKNOWN,UNKNOWN,,KALSHI,KXBTC-26JAN1617-B91250,,False,RESOLUTION_UNKNOWN,0,0.04,0.07,,,True,,0,0.5,0.5,0.5,0.0,0.0,0,0,7500.000000000001,5327,KALSHI_PRICE_THRESHOLD,BTC-USD,,VENUE,FORCE,HOLD,ALREADY_IN,FORCE_HOLD,"[""DATA:LIVE"", ""BOOK_SHA1:2a346767df"", ""EXEC:PAPER""]",-1.8492857142857144,0.0,0.0,1,False,FORCE,,,,,,,,,
1768040390718,v1.1,KXBTC-26JAN1617-B91250,1768040390718,1768600800000,UNKNOWN,UNKNOWN,,KALSHI,KXBTC-26JAN1617-B91250,,False,RESOLUTION_UNKNOWN,0,0.04,0.07,,,True,,0,0.5,0.5,0.5,0.0,0.0,0,0,7500.000000000001,5327,KALSHI_PRICE_THRESHOLD,BTC-USD,,VENUE,FORCE,HOLD,ALREADY_IN,FORCE_HOLD,"[""DATA:LIVE"", ""BOOK_SHA1:2a346767df"", ""EXEC:PAPER""]",-1.8492857142857144,0.0,0.0,1,False,FORCE,,,,,,,,,
1768040391814,v1.1,KXBTC-26JAN1617-B91250,1768040391814,1768600800000,UNKNOWN,UNKNOWN,,KALSHI,KXBTC-26JAN1617-B91250,,False,RESOLUTION_UNKNOWN,0,0.04,0.07,,,True,,0,0.5,0.5,0.5,0.0,0.0,0,0,7500.000000000001,5327,KALSHI_PRICE_THRESHOLD,BTC-USD,,VENUE,FORCE,HOLD,ALREADY_IN,FORCE_HOLD,"[""DATA:LIVE"", ""BOOK_SHA1:2a346767df"", ""EXEC:PAPER""]",-1.8492857142857144,0.0,0.0,1,False,FORCE,,,,,,,,,
1768040392903,v1.1,KXBTC-26JAN1617-B91250,1768040392903,1768600800000,UNKNOWN,UNKNOWN,,KALSHI,KXBTC-26JAN1617-B91250,,False,RESOLUTION_UNKNOWN,0,0.04,0.07,,,True,,0,0.5,0.5,0.5,0.0,0.0,0,0,7500.000000000001,5327,KALSHI_PRICE_THRESHOLD,BTC-USD,,VENUE,FORCE,HOLD,ALREADY_IN,FORCE_HOLD,"[""DATA:LIVE"", ""BOOK_SHA1:2a346767df"", ""EXEC:PAPER""]",-1.8492857142857144,0.0,0.0,1,False,FORCE,,,,,,,,,
1768040393993,v1.1,KXBTC-26JAN1617-B91250,1768040393993,1768600800000,UNKNOWN,UNKNOWN,,KALSHI,KXBTC-26JAN1617-B91250,,False,RESOLUTION_UNKNOWN,0,0.04,0.07,,,True,,0,0.5,0.5,0.5,0.0,0.0,0,0,7500.000000000001,5327,KALSHI_PRICE_THRESHOLD,BTC-USD,,VENUE,FORCE,HOLD,ALREADY_IN,FORCE_HOLD,"[""DATA:LIVE"", ""BOOK_SHA1:2a346767df"", ""EXEC:PAPER""]",-1.8492857142857144,0.0,0.0,1,False,FORCE,,,,,,,,,
1768040395086,v1.1,KXBTC-26JAN1617-B91250,1768040395086,1768600800000,UNKNOWN,UNKNOWN,,KALSHI,KXBTC-26JAN1617-B91250,,False,RESOLUTION_UNKNOWN,0,0.04,0.07,,,True,,0,,,,,,,,7500.000000000001,5327,KALSHI_PRICE_THRESHOLD,BTC-USD,,VENUE,,WOULD_EXIT,FORCE_EXIT,FORCE_EXIT,"[""DATA:LIVE"", ""BOOK_SHA1:2a346767df"", ""EXEC:PAPER"", ""FILL:EXIT 14.3 @ 0.040""]",-2.277857142857143,0.0,0.0,0,False,,,,,,,,,,
1768040396165,v1.1,KXBTC-26JAN1617-B91250,1768040396165,1768600800000,UNKNOWN,UNKNOWN,,KALSHI,KXBTC-26JAN1617-B91250,,False,RESOLUTION_UNKNOWN,0,0.04,0.07,,,True,,0,0.5,0.5,0.5,0.0,0.0,0,0,7500.000000000001,5327,KALSHI_PRICE_THRESHOLD,BTC-USD,,VENUE,FORCE,WOULD_ENTER,FORCE_ENTRY,FORCE_ENTRY,"[""FORCE_ENTRY"", ""DATA:LIVE"", ""BOOK_SHA1:2a346767df"", ""EXEC:PAPER"", ""FILL: ENTER YES 14.3 @ 0.070""]",-2.277857142857143,0.0,0.0,1,False,FORCE,,,,,,,,,
1768040397251,v1.1,KXBTC-26JAN1617-B91250,1768040397251,1768600800000,UNKNOWN,UNKNOWN,,KALSHI,KXBTC-26JAN1617-B91250,,False,RESOLUTION_UNKNOWN,0,0.04,0.07,,,True,,0,0.5,0.5,0.5,0.0,0.0,0,0,7500.000000000001,5327,KALSHI_PRICE_THRESHOLD,BTC-USD,,VENUE,FORCE,HOLD,ALREADY_IN,FORCE_HOLD,"[""DATA:LIVE"", ""BOOK_SHA1:2a346767df"", ""EXEC:PAPER""]",-2.277857142857143,0.0,0.0,1,False,FORCE,,,,,,,,,
1768040398334,v1.1,KXBTC-26JAN1617-B91250,1768040398334,1768600800000,UNKNOWN,UNKNOWN,,KALSHI,KXBTC-26JAN1617-B91250,,False,RESOLUTION_UNKNOWN,0,0.04,0.07,,,True,,0,0.5,0.5,0.5,0.0,0.0,0,0,7500.000000000001,5327,KALSHI_PRICE_THRESHOLD,BTC-USD,,VENUE,FORCE,HOLD,ALREADY_IN,FORCE_HOLD,"[""DATA:LIVE"", ""BOOK_SHA1:2a346767df"", ""EXEC:PAPER""]",-2.277857142857143,0.0,0.0,1,False,FORCE,,,,,,,,,
1768040399425,v1.1,KXBTC-26JAN1617-B91250,1768040399425,1768600800000,UNKNOWN,UNKNOWN,,KALSHI,KXBTC-26JAN1617-B91250,,False,RESOLUTION_UNKNOWN,0,0.04,0.07,,,True,,0,0.5,0.5,0.5,0.0,0.0,0,0,7500.000000000001,5327,KALSHI_PRICE_THRESHOLD,BTC-USD,,VENUE,FORCE,HOLD,ALREADY_IN,FORCE_HOLD,"[""DATA:LIVE"", ""BOOK_SHA1:2a346767df"", ""EXEC:PAPER""]",-2.277857142857143,0.0,0.0,1,False,FORCE,,,,,,,,,
1768040400513,v1.1,KXBTC-26JAN1617-B91250,1768040400513,1768600800000,UNKNOWN,UNKNOWN,,KALSHI,KXBTC-26JAN1617-B91250,,False,RESOLUTION_UNKNOWN,0,0.04,0.07,,,True,,0,0.5,0.5,0.5,0.0,0.0,0,0,7500.000000000001,5327,KALSHI_PRICE_THRESHOLD,BTC-USD,,VENUE,FORCE,HOLD,ALREADY_IN,FORCE_HOLD,"[""DATA:LIVE"", ""BOOK_SHA1:2a346767df"", ""EXEC:PAPER""]",-2.277857142857143,0.0,0.0,1,False,FORCE,,,,,,,,,
1768040401597,v1.1,KXBTC-26JAN1617-B91250,1768040401597,1768600800000,UNKNOWN,UNKNOWN,,KALSHI,KXBTC-26JAN1617-B91250,,False,RESOLUTION_UNKNOWN,0,0.04,0.07,,,True,,0,0.5,0.5,0.5,0.0,0.0,0,0,7500.000000000001,5327,KALSHI_PRICE_THRESHOLD,BTC-USD,,VENUE,FORCE,HOLD,ALREADY_IN,FORCE_HOLD,"[""DATA:LIVE"", ""BOOK_SHA1:2a346767df"", ""EXEC:PAPER""]",-2.277857142857143,0.0,0.0,1,False,FORCE,,,,,,,,,
1768040402697,v1.1,KXBTC-26JAN1617-B91250,1768040402697,1768600800000,UNKNOWN,UNKNOWN,,KALSHI,KXBTC-26JAN1617-B91250,,False,RESOLUTION_UNKNOWN,0,0.04,0.07,,,True,,0,0.5,0.5,0.5,0.0,0.0,0,0,7500.000000000001,5327,KALSHI_PRICE_THRESHOLD,BTC-USD,,VENUE,FORCE,HOLD,ALREADY_IN,FORCE_HOLD,"[""DATA:LIVE"", ""BOOK_SHA1:2a346767df"", ""EXEC:PAPER""]",-2.277857142857143,0.0,0.0,1,False,FORCE,,,,,,,,,
1768040403789,v1.1,KXBTC-26JAN1617-B91250,1768040403789,1768600800000,UNKNOWN,UNKNOWN,,KALSHI,KXBTC-26JAN1617-B91250,,False,RESOLUTION_UNKNOWN,0,0.04,0.07,,,True,,0,0.5,0.5,0.5,0.0,0.0,0,0,7500.000000000001,5327,KALSHI_PRICE_THRESHOLD,BTC-USD,,VENUE,FORCE,HOLD,ALREADY_IN,FORCE_HOLD,"[""DATA:LIVE"", ""BOOK_SHA1:2a346767df"", ""EXEC:PAPER""]",-2.277857142857143,0.0,0.0,1,False,FORCE,,,,,,,,,
1768040404874,v1.1,KXBTC-26JAN1617-B91250,1768040404874,1768600800000,UNKNOWN,UNKNOWN,,KALSHI,KXBTC-26JAN1617-B91250,,False,RESOLUTION_UNKNOWN,0,0.04,0.07,,,True,,0,0.5,0.5,0.5,0.0,0.0,0,0,7500.000000000001,5327,KALSHI_PRICE_THRESHOLD,BTC-USD,,VENUE,FORCE,HOLD,ALREADY_IN,FORCE_HOLD,"[""DATA:LIVE"", ""BOOK_SHA1:2a346767df"", ""EXEC:PAPER""]",-2.277857142857143,0.0,0.0,1,False,FORCE,,,,,,,,,
1768040405961,v1.1,KXBTC-26JAN1617-B91250,1768040405961,1768600800000,UNKNOWN,UNKNOWN,,KALSHI,KXBTC-26JAN1617-B91250,,False,RESOLUTION_UNKNOWN,0,0.04,0.07,,,True,,0,0.5,0.5,0.5,0.0,0.0,0,0,7500.000000000001,5327,KALSHI_PRICE_THRESHOLD,BTC-USD,,VENUE,FORCE,HOLD,ALREADY_IN,FORCE_HOLD,"[""DATA:LIVE"", ""BOOK_SHA1:2a346767df"", ""EXEC:PAPER""]",-2.277857142857143,0.0,0.0,1,False,FORCE,,,,,,,,,
1768040407053,v1.1,KXBTC-26JAN1617-B91250,1768040407053,1768600800000,UNKNOWN,UNKNOWN,,KALSHI,KXBTC-26JAN1617-B91250,,False,RESOLUTION_UNKNOWN,0,0.04,0.07,,,True,,0,0.5,0.5,0.5,0.0,0.0,0,0,7500.000000000001,5327,KALSHI_PRICE_THRESHOLD,BTC-USD,,VENUE,FORCE,HOLD,ALREADY_IN,FORCE_HOLD,"[""DATA:LIVE"", ""BOOK_SHA1:2a346767df"", ""EXEC:PAPER""]",-2.277857142857143,0.0,0.0,1,False,FORCE,,,,,,,,,
1768040408138,v1.1,KXBTC-26JAN1617-B91250,1768040408138,1768600800000,UNKNOWN,UNKNOWN,,KALSHI,KXBTC-26JAN1617-B91250,,False,RESOLUTION_UNKNOWN,0,0.04,0.07,,,True,,0,0.5,0.5,0.5,0.0,0.0,0,0,7500.000000000001,5327,KALSHI_PRICE_THRESHOLD,BTC-USD,,VENUE,FORCE,HOLD,ALREADY_IN,FORCE_HOLD,"[""DATA:LIVE"", ""BOOK_SHA1:2a346767df"", ""EXEC:PAPER""]",-2.277857142857143,0.0,0.0,1,False,FORCE,,,,,,,,,
1768040409229,v1.1,KXBTC-26JAN1617-B91250,1768040409229,1768600800000,UNKNOWN,UNKNOWN,,KALSHI,KXBTC-26JAN1617-B91250,,False,RESOLUTION_UNKNOWN,0,0.04,0.07,,,True,,0,0.5,0.5,0.5,0.0,0.0,0,0,7500.000000000001,5327,KALSHI_PRICE_THRESHOLD,BTC-USD,,VENUE,FORCE,HOLD,ALREADY_IN,FORCE_HOLD,"[""DATA:LIVE"", ""BOOK_SHA1:2a346767df"", ""EXEC:PAPER""]",-2.277857142857143,0.0,0.0,1,False,FORCE,,,,,,,,,
1768040410322,v1.1,KXBTC-26JAN1617-B91250,1768040410322,1768600800000,UNKNOWN,UNKNOWN,,KALSHI,KXBTC-26JAN1617-B91250,,False,RESOLUTION_UNKNOWN,0,0.04,0.07,,,True,,0,0.5,0.5,0.5,0.0,0.0,0,0,7500.000000000001,5327,KALSHI_PRICE_THRESHOLD,BTC-USD,,VENUE,FORCE,HOLD,ALREADY_IN,FORCE_HOLD,"[""DATA:LIVE"", ""BOOK_SHA1:2a346767df"", ""EXEC:PAPER""]",-2.277857142857143,0.0,0.0,1,False,FORCE,,,,,,,,,
1768040411408,v1.1,KXBTC-26JAN1617-B91250,1768040411408,1768600800000,UNKNOWN,UNKNOWN,,KALSHI,KXBTC-26JAN1617-B91250,,False,RESOLUTION_UNKNOWN,0,0.04,0.07,,,True,,0,0.5,0.5,0.5,0.0,0.0,0,0,7500.000000000001,5327,KALSHI_PRICE_THRESHOLD,BTC-USD,,VENUE,FORCE,HOLD,ALREADY_IN,FORCE_HOLD,"[""DATA:LIVE"", ""BOOK_SHA1:2a346767df"", ""EXEC:PAPER""]",-2.277857142857143,0.0,0.0,1,False,FORCE,,,,,,,,,
1768040412486,v1.1,KXBTC-26JAN1617-B91250,1768040412486,1768600800000,UNKNOWN,UNKNOWN,,KALSHI,KXBTC-26JAN1617-B91250,,False,RESOLUTION_UNKNOWN,0,0.04,0.07,,,True,,0,0.5,0.5,0.5,0.0,0.0,0,0,7500.000000000001,5327,KALSHI_PRICE_THRESHOLD,BTC-USD,,VENUE,FORCE,HOLD,ALREADY_IN,FORCE_HOLD,"[""DATA:LIVE"", ""BOOK_SHA1:2a346767df"", ""EXEC:PAPER""]",-2.277857142857143,0.0,0.0,1,False,FORCE,,,,,,,,,
1768040413573,v1.1,KXBTC-26JAN1617-B91250,1768040413573,1768600800000,UNKNOWN,UNKNOWN,,KALSHI,KXBTC-26JAN1617-B91250,,False,RESOLUTION_UNKNOWN,0,0.04,0.07,,,True,,0,0.5,0.5,0.5,0.0,0.0,0,0,7500.000000000001,5327,KALSHI_PRICE_THRESHOLD,BTC-USD,,VENUE,FORCE,HOLD,ALREADY_IN,FORCE_HOLD,"[""DATA:LIVE"", ""BOOK_SHA1:2a346767df"", ""EXEC:PAPER""]",-2.277857142857143,0.0,0.0,1,False,FORCE,,,,,,,,,
1768040414672,v1.1,KXBTC-26JAN1617-B91250,1768040414672,1768600800000,UNKNOWN,UNKNOWN,,KALSHI,KXBTC-26JAN1617-B91250,,False,RESOLUTION_UNKNOWN,0,0.04,0.07,,,True,,0,0.5,0.5,0.5,0.0,0.0,0,0,7500.000000000001,5327,KALSHI_PRICE_THRESHOLD,BTC-USD,,VENUE,FORCE,HOLD,ALREADY_IN,FORCE_HOLD,"[""DATA:LIVE"", ""BOOK_SHA1:2a346767df"", ""EXEC:PAPER""]",-2.277857142857143,0.0,0.0,1,False,FORCE,,,,,,,,,
1768040415752,v1.1,KXBTC-26JAN1617-B91250,1768040415752,1768600800000,UNKNOWN,UNKNOWN,,KALSHI,KXBTC-26JAN1617-B91250,,False,RESOLUTION_UNKNOWN,0,0.04,0.07,,,True,,0,0.5,0.5,0.5,0.0,0.0,0,0,7500.000000000001,5327,KALSHI_PRICE_THRESHOLD,BTC-USD,,VENUE,FORCE,HOLD,ALREADY_IN,FORCE_HOLD,"[""DATA:LIVE"", ""BOOK_SHA1:2a346767df"", ""EXEC:PAPER""]",-2.277857142857143,0.0,0.0,1,False,FORCE,,,,,,,,,
1768040416853,v1.1,KXBTC-26JAN1617-B91250,1768040416853,1768600800000,UNKNOWN,UNKNOWN,,KALSHI,KXBTC-26JAN1617-B91250,,False,RESOLUTION_UNKNOWN,0,0.04,0.07,,,True,,0,0.5,0.5,0.5,0.0,0.0,0,0,7500.000000000001,5327,KALSHI_PRICE_THRESHOLD,BTC-USD,,VENUE,FORCE,HOLD,ALREADY_IN,FORCE_HOLD,"[""DATA:LIVE"", ""BOOK_SHA1:2a346767df"", ""EXEC:PAPER""]",-2.277857142857143,0.0,0.0,1,False,FORCE,,,,,,,,,
1768040417965,v1.1,KXBTC-26JAN1617-B91250,1768040417965,1768600800000,UNKNOWN,UNKNOWN,,KALSHI,KXBTC-26JAN1617-B91250,,False,RESOLUTION_UNKNOWN,0,0.04,0.07,,,True,,0,0.5,0.5,0.5,0.0,0.0,0,0,7500.000000000001,5327,KALSHI_PRICE_THRESHOLD,BTC-USD,,VENUE,FORCE,HOLD,ALREADY_IN,FORCE_HOLD,"[""DATA:LIVE"", ""BOOK_SHA1:2a346767df"", ""EXEC:PAPER""]",-2.277857142857143,0.0,0.0,1,False,FORCE,,,,,,,,,
1768040419054,v1.1,KXBTC-26JAN1617-B91250,1768040419054,1768600800000,UNKNOWN,UNKNOWN,,KALSHI,KXBTC-26JAN1617-B91250,,False,RESOLUTION_UNKNOWN,0,0.04,0.07,,,True,,0,0.5,0.5,0.5,0.0,0.0,0,0,7500.000000000001,5327,KALSHI_PRICE_THRESHOLD,BTC-USD,,VENUE,FORCE,HOLD,ALREADY_IN,FORCE_HOLD,"[""DATA:LIVE"", ""BOOK_SHA1:2a346767df"", ""EXEC:PAPER""]",-2.277857142857143,0.0,0.0,1,False,FORCE,,,,,,,,,
